"Series Description","Nonfinancial corporate business; corporate profits before tax excluding IVA and CCAdj","Nonfinancial corporate business; taxes on corporate income","Nonfinancial corporate business; net dividends paid","Nonfinancial corporate business; inventory valuation adjustment (IVA)","Nonfinancial corporate business; capital consumption allowance","Nonfinancial corporate business; foreign earnings retained abroad","Nonfinancial corporate business; net capital transfers paid ","Nonfinancial corporate business; gross saving including foreign earnings retained abroad less net capital transfers paid","Nonfinancial corporate business; gross investment","Nonfinancial corporate business; total capital expenditures","Nonfinancial corporate business; gross fixed investment","Nonfinancial corporate business; inventories including IVA ","Nonfinancial corporate business; acquisition of nonproduced nonfinancial assets (net)","Nonfinancial corporate business; net lending (+) or borrowing (-) (financial account)","Nonfinancial corporate business; total financial assets","Nonfinancial corporate business; private foreign deposits; asset","Nonfinancial corporate business; checkable deposits and currency; asset","Nonfinancial corporate business; total time and savings deposits; asset","Nonfinancial corporate business; money market fund shares; asset","Nonfinancial corporate business; security repurchase agreements; asset","Nonfinancial corporate business; debt securities; asset","Nonfinancial corporate business; commercial paper; asset","Nonfinancial corporate business; Treasury securities; asset","Nonfinancial corporate business; agency- and GSE-backed securities; asset","Nonfinancial corporate business; municipal securities; asset","Nonfinancial corporate business; loans; asset","Nonfinancial corporate business; total mortgages; asset","Nonfinancial corporate business; consumer credit; asset","Nonfinancial corporate business; corporate equities; asset","Nonfinancial corporate business; mutual fund shares; asset","Nonfinancial corporate business; trade receivables, including Paycheck Protection Program subsidies receivable; asset","Nonfinancial corporate business; U.S. direct investment abroad (market value); asset","Nonfinancial corporate business; total miscellaneous assets","Nonfinancial corporate business; total liabilities and equity","Nonfinancial corporate business; debt securities; liability","Nonfinancial corporate business; commercial paper; liability","Nonfinancial corporate business; municipal securities; liability","Nonfinancial corporate business; corporate bonds; liability","Nonfinancial corporate business; loans; liability","Nonfinancial corporate business; depository institution loans n.e.c.; liability","Nonfinancial corporate business; other loans and advances; liability","Nonfinancial corporate business; total mortgages; liability","Nonfinancial corporate business; corporate equities; liability","Nonfinancial corporate business; trade payables; liability","Nonfinancial corporate business; total taxes payable; liability","Nonfinancial corporate business; foreign direct investment in U.S. (market value); liability","Nonfinancial corporate business; total miscellaneous liabilities","Private pension funds; pension fund contributions receivable; asset","Private defined benefit pension funds; claims of pension fund on sponsor; asset","Nonfinancial corporate business; unidentified miscellaneous liabilities","Nonfinancial corporate business; sector discrepancy","Nonfinancial corporate business; difference between capital expenditures and gross savings less net capital transfers paid, excluding foreign earnings retained abroad (financing gap)"
"Unit:","Currency","Currency","Currency","Currency","Currency","Currency","Currency","Currency","Currency","Currency","Currency","Currency","Currency","Currency","Currency","Currency","Currency","Currency","Currency","Currency","Currency","Currency","Currency","Currency","Currency","Currency","Currency","Currency","Currency","Currency","Currency","Currency","Currency","Currency","Currency","Currency","Currency","Currency","Currency","Currency","Currency","Currency","Currency","Currency","Currency","Currency","Currency","Currency","Currency","Currency","Currency","Currency"
"Multiplier:","1000000","1000000","1000000","1000000","1000000","1000000","1000000","1000000","1000000","1000000","1000000","1000000","1000000","1000000","1000000","1000000","1000000","1000000","1000000","1000000","1000000","1000000","1000000","1000000","1000000","1000000","1000000","1000000","1000000","1000000","1000000","1000000","1000000","1000000","1000000","1000000","1000000","1000000","1000000","1000000","1000000","1000000","1000000","1000000","1000000","1000000","1000000","1000000","1000000","1000000","1000000","1000000"
"Currency:","USD","USD","USD","USD","USD","USD","USD","USD","USD","USD","USD","USD","USD","USD","USD","USD","USD","USD","USD","USD","USD","USD","USD","USD","USD","USD","USD","USD","USD","USD","USD","USD","USD","USD","USD","USD","USD","USD","USD","USD","USD","USD","USD","USD","USD","USD","USD","USD","USD","USD","USD","USD"
"Unique Identifier: ","Z1/Z1/FA106060005.A","Z1/Z1/FA106231005.A","Z1/Z1/FA106121075.A","Z1/Z1/FA105020601.A","Z1/Z1/FA106300015.A","Z1/Z1/FA106006065.A","Z1/Z1/FA105440005.A","Z1/Z1/FA106000105.A","Z1/Z1/FA105090005.A","Z1/Z1/FA105050005.A","Z1/Z1/FA105019005.A","Z1/Z1/FA105020005.A","Z1/Z1/FA105420005.A","Z1/Z1/FA105000005.A","Z1/Z1/FA104090005.A","Z1/Z1/FA103091003.A","Z1/Z1/FA103020000.A","Z1/Z1/FA103030003.A","Z1/Z1/FA103034000.A","Z1/Z1/FA102051003.A","Z1/Z1/FA104022005.A","Z1/Z1/FA103069100.A","Z1/Z1/FA103061103.A","Z1/Z1/FA103061703.A","Z1/Z1/FA103062003.A","Z1/Z1/FA104023005.A","Z1/Z1/FA103065003.A","Z1/Z1/FA103066005.A","Z1/Z1/FA103064103.A","Z1/Z1/FA103064203.A","Z1/Z1/FA103070005.A","Z1/Z1/FA103092005.A","Z1/Z1/FA103090005.A","Z1/Z1/FA104194005.A","Z1/Z1/FA104122005.A","Z1/Z1/FA103169100.A","Z1/Z1/FA103162000.A","Z1/Z1/FA103163003.A","Z1/Z1/FA104123005.A","Z1/Z1/FA103168005.A","Z1/Z1/FA103169005.A","Z1/Z1/FA103165005.A","Z1/Z1/FA103164103.A","Z1/Z1/FA103170005.A","Z1/Z1/FA103178005.A","Z1/Z1/FA103192005.A","Z1/Z1/FA103190005.A","Z1/Z1/FA573074005.A","Z1/Z1/FA573073005.A","Z1/Z1/FA103193005.A","Z1/Z1/FA107005005.A","Z1/Z1/FA105005305.A"
"Time Period","FA106060005.A","FA106231005.A","FA106121075.A","FA105020601.A","FA106300015.A","FA106006065.A","FA105440005.A","FA106000105.A","FA105090005.A","FA105050005.A","FA105019005.A","FA105020005.A","FA105420005.A","FA105000005.A","FA104090005.A","FA103091003.A","FA103020000.A","FA103030003.A","FA103034000.A","FA102051003.A","FA104022005.A","FA103069100.A","FA103061103.A","FA103061703.A","FA103062003.A","FA104023005.A","FA103065003.A","FA103066005.A","FA103064103.A","FA103064203.A","FA103070005.A","FA103092005.A","FA103090005.A","FA104194005.A","FA104122005.A","FA103169100.A","FA103162000.A","FA103163003.A","FA104123005.A","FA103168005.A","FA103169005.A","FA103165005.A","FA103164103.A","FA103170005.A","FA103178005.A","FA103192005.A","FA103190005.A","FA573074005.A","FA573073005.A","FA103193005.A","FA107005005.A","FA105005305.A"
1950,39202,16764,7375,-4965,10346,275,0,20719,15907,24225,18934,5560,-269,-8318,16784,47,1319,0,0,0,3218,-122,3173,0,167,1113,-1,1114,0,0,9943,585,559,25102,1669,45,0,1624,4379,3688,238,453,1288,7973,7255,70,2468,0,844,1624,4812,3781
1951,39909,21104,7042,-1199,11937,563,0,23064,5245,30962,22748,8486,-272,-25717,8027,34,1637,0,0,0,922,-53,783,0,192,627,3,624,0,0,3381,465,961,33744,3356,62,0,3294,5073,4209,269,595,2107,-378,4476,77,19033,0,3695,15338,17819,8461
1952,34978,17677,7053,981,13275,764,0,25268,27791,26161,24356,2056,-252,1630,5418,-16,782,0,0,0,-932,105,-1006,0,-31,-160,4,-164,0,0,3902,810,1032,3788,4767,62,0,4705,1460,796,432,233,2320,761,-3156,98,-2462,160,2392,-5014,-2523,1657
1953,36505,18369,7243,-997,15160,641,0,25696,28440,27724,26874,1179,-329,716,3037,39,-91,0,0,0,1794,9,1593,0,192,260,2,258,0,0,-845,678,1202,2321,3586,71,0,3515,267,-562,152,677,1766,-277,605,106,-3732,31,3307,-7069,-2744,2668
1954,33717,15528,7357,-318,17001,524,0,28039,-24212,24224,26616,-2026,-366,-48436,5498,44,1779,200,0,0,-1663,87,-1717,0,-33,346,1,345,0,0,3385,599,808,53934,3664,129,0,3535,-71,-655,89,495,1583,2032,-3219,72,49873,33,2187,47653,52251,-3291
1955,43753,20115,8415,-1736,19634,749,-8,33878,-20027,33973,29329,5260,-616,-54000,17382,-29,953,-100,0,0,4231,-74,3758,300,247,698,14,684,0,0,9603,743,1283,71382,2848,-169,0,3017,5628,3901,168,1559,1719,9042,3663,136,48346,71,1846,46430,53904,844
1956,44125,19919,9007,-2693,21361,974,-18,34859,8229,39576,35616,4642,-682,-31347,5031,9,-292,0,0,0,-4252,88,-4563,100,123,434,7,427,0,0,5682,1860,1590,36378,3492,16,0,3476,6253,5084,238,931,2250,4118,-1676,183,21758,44,2131,19583,26630,5691
1957,42101,18981,9226,-1539,23539,1167,-24,37085,56285,38464,38516,653,-705,17821,4561,-7,34,0,0,0,-462,130,-1129,400,137,41,18,23,0,0,1627,2337,991,-13260,6076,44,0,6032,3592,1222,1060,1310,2441,1586,-2133,133,-24955,39,4060,-29054,-19200,2546
1958,36056,16064,9115,-255,24913,762,-29,36325,-46198,30729,33669,-2164,-776,-76927,11530,18,1059,900,0,0,557,-225,503,-200,479,165,15,150,0,0,6404,1085,1342,88457,5879,236,0,5643,1456,-320,29,1747,1968,4232,-2595,86,77431,91,2029,75311,82523,-4834
1959,45628,20682,9816,-277,26840,826,-49,42569,2114,41260,37194,5155,-1089,-39146,15099,-17,-887,-400,0,0,6497,532,5529,600,-164,1232,-66,1298,0,0,5546,1263,1865,54245,2736,-343,0,3079,5846,3623,1331,892,2078,5290,2124,199,35972,78,2737,33157,40455,-483
1960,42284,19142,10455,-173,28785,1138,-93,42530,31263,41848,40449,2051,-652,-10585,2840,3,-940,1500,0,0,-5319,46,-5869,-84,588,-492,3,-495,0,0,4925,2820,343,13425,3876,454,0,3422,5070,2212,2042,816,1365,2835,-1590,240,1629,66,960,603,11267,456
1961,42261,19419,10576,271,30517,887,-123,44063,-30305,41387,40471,1639,-723,-71692,13352,88,3083,1100,0,0,-1210,301,-1656,132,13,3,9,-6,0,0,7892,2519,-123,85044,4720,325,0,4395,2674,934,323,1417,2121,5239,621,262,69407,127,-957,70237,74368,-1789
1962,46837,20591,11590,26,34771,1058,-126,50637,43417,47084,43624,4300,-840,-3667,11970,-125,3570,900,0,0,-1245,215,-1789,27,302,794,21,773,0,174,4519,2698,685,15637,4136,104,0,4032,6343,3641,382,2320,369,2935,1081,303,470,28,-2786,3228,7220,-2495
1963,52039,22754,12444,54,37540,1351,-88,55874,41580,49701,46457,4037,-793,-8121,12016,-209,-987,687,0,0,3909,-335,2821,333,1090,961,6,955,-640,16,6308,3311,-1340,20137,3541,-230,0,3771,7204,3424,1107,2673,-341,7365,1389,227,753,127,-1620,2245,14294,-4822
1964,58222,23888,13996,-494,40090,1214,-81,61229,45195,55629,51865,4683,-919,-10434,12875,103,-426,984,0,309,-637,725,-647,-608,-107,960,24,936,-453,37,8542,3565,-109,23309,4151,157,0,3994,9756,4818,1732,3206,1145,6959,467,291,540,154,-1240,1626,16034,-4387
1965,69100,27137,16195,-1245,43396,1320,-81,69319,58593,67641,61703,6710,-772,-9048,26114,-312,311,2322,0,284,-1099,-324,-1933,238,920,949,4,945,46,51,13270,4793,5499,35162,4524,-328,0,4852,15692,10877,2158,2657,-28,11721,2083,461,710,154,1061,-505,10727,-359
1966,75117,29492,16751,-2107,47445,1622,-83,75916,64266,82990,71957,11993,-960,-18724,16497,104,-682,-390,0,302,-1184,1482,-1494,-211,-961,197,26,171,3793,141,12376,5173,-3333,35221,11039,825,0,10214,13772,8574,1618,3580,1259,9118,-880,365,548,46,3306,-2804,11650,8696
1967,71634,27828,17273,-1554,51440,1531,-85,78035,65610,81532,73847,7776,-91,-15922,14317,84,2532,1079,0,-225,-1701,1100,-2440,-22,-339,282,-2,284,-1280,124,8330,4544,548,30239,16070,1412,0,14658,6238,6555,153,-470,2397,5923,-4189,671,3129,221,4737,-1829,12425,5029
1968,79382,33534,19038,-3651,55721,2176,-112,81168,70131,87564,80278,6701,585,-17433,31384,532,2714,-626,0,451,2403,1147,345,429,482,103,-12,115,3579,178,18525,4978,-1453,48817,14108,1215,0,12893,17496,9837,2460,5199,-159,16490,1105,757,-980,201,6605,-7786,11038,8571
1969,76421,33344,19026,-5870,61233,2647,-77,82138,76423,96865,89245,7952,-332,-20442,37382,-414,5591,-5404,0,2190,-1524,2529,-3313,242,-982,367,136,231,7525,55,22823,5574,599,57824,13082,1107,0,11975,19881,9556,9279,1046,3406,19517,-1702,1180,2460,39,11674,-9253,5715,17374
1970,63672,27286,18295,-6552,65995,3035,-125,80694,70946,94740,92302,2425,14,-23795,21113,-375,937,1695,0,-3077,1306,1761,637,-467,-625,613,-22,635,3736,-22,8443,7121,736,44908,21533,1777,0,19756,19633,6042,470,13121,5694,7872,-2632,1392,-8584,148,9493,-18225,9748,17081
1971,73533,29995,18145,-4584,70924,3031,-139,94903,82011,101204,95378,5765,61,-19192,37930,436,-1478,4162,0,843,5362,1886,2774,-298,1000,2677,25,2652,238,-50,12412,3351,9977,57122,18007,-886,86,18807,11319,4459,1893,4967,11435,13626,3090,276,-631,341,6883,-7854,12892,9332
1972,86899,33795,19672,-6610,78191,4435,-194,109642,103547,115914,108006,7579,328,-12367,62784,938,2357,2381,0,1611,1909,2960,-2176,125,1000,671,-13,684,-2264,-1,26406,1405,27371,75151,13456,721,548,12187,25784,12685,3868,9231,10922,23145,2435,869,-1460,523,-1580,-403,6095,10707
1973,110136,40409,20750,-19569,84833,7707,-157,122105,108346,141215,125941,12470,2805,-32870,86228,1157,1377,4733,0,8574,-2896,641,-4399,999,-137,-508,98,-606,15177,235,40874,-9028,26533,119097,12369,1414,1796,9159,63417,24951,7701,30765,7883,38055,3784,2564,-8975,-25,5621,-14571,13759,26817
1974,123275,42849,21532,-38221,93709,7313,-223,121917,128743,161527,141643,14647,5237,-32784,67290,-200,1151,3841,0,-5777,7011,4126,1351,918,616,1542,422,1120,23382,310,33258,7922,-5150,100074,25449,4131,1648,19670,30612,21941,9653,-982,4097,26396,7357,4564,1599,-27,7795,-6169,-6826,46923
1975,119716,41908,24571,-10544,102780,7630,-241,153344,94757,135941,144307,-8349,-17,-41184,28777,471,10500,3666,0,231,9666,3784,7413,-538,-993,790,-146,936,-9305,-74,22061,12821,-22050,69961,26907,-2897,2600,27204,-8000,-14123,2608,3515,9908,9581,-2224,2198,31591,995,-9125,39720,58586,-9772
1976,154066,53495,27775,-14113,111318,7162,-198,177360,145158,179971,162036,15954,1982,-34813,78083,817,4695,4653,0,270,8409,2140,7283,-396,-618,2958,670,2288,-5157,-32,31008,10147,20315,112896,26749,1433,2485,22831,17929,-1983,13011,6901,10524,18808,5498,3563,29825,465,9796,19564,32202,9773
1977,176780,60578,30911,-15698,126574,7630,-161,203958,171352,210919,193675,16185,1059,-39567,109182,2247,3750,6673,200,656,-6166,-1121,-4991,-196,142,4076,3215,861,12895,-129,43957,9553,31470,148749,31186,1639,6670,22877,42973,15205,13782,13986,2727,31867,1344,3091,35561,329,1917,33315,32606,14591
1978,206781,67556,35926,-23709,142791,11076,-164,233620,193256,256166,234043,21916,207,-62910,133922,2631,6298,2726,410,394,-1022,122,-1486,101,241,4094,1957,2137,-455,-176,60875,13696,44451,196832,31471,2691,7664,21116,48330,20022,15890,12418,-101,40788,4921,7047,64376,811,-795,64360,40365,33622
1979,224767,70619,37639,-40138,161801,17610,-243,256025,211472,291034,275417,13233,2384,-79562,169675,1763,6058,2232,2390,607,-2650,74,-1598,-973,-153,5064,3264,1800,2009,350,72374,24395,55083,249237,36314,9019,9987,17308,50098,31115,17033,1950,-7836,55555,6931,9167,99008,926,-10674,108755,44554,52618
1980,212037,68203,44651,-42133,184566,17749,-276,259641,215828,303775,300830,-631,3577,-87948,144282,-384,-413,4608,3993,771,5080,-454,225,405,4904,9694,8591,1103,8001,273,49698,19999,42962,232230,42487,3968,10864,27655,27047,27156,9630,-9739,10375,29142,2878,12953,107348,1370,40147,65831,43813,61884
1981,216645,65994,52502,-24626,226922,13463,-202,314110,305082,368954,344033,19878,5043,-63872,204993,2690,-20986,9949,11423,-2103,8840,-933,4955,3574,1244,9433,8512,921,6402,256,44770,11902,122417,268865,52888,14696,13431,24761,72130,32289,27957,11884,-13450,26903,-4000,20621,113773,387,17750,95637,9028,68307
1982,172540,48763,54057,-7505,262061,15141,-199,339616,262744,335224,351172,-19292,3344,-72480,93678,-2323,10345,8602,615,651,1223,-251,2359,-2457,1572,2805,2340,465,3074,1113,-5008,20185,52396,166158,39684,-6125,15143,30666,55574,60417,4861,-9704,1900,10740,-4279,8114,54425,1918,-9889,62396,76872,10749
1983,192632,61721,63249,-7445,289920,21037,-38,371212,335726,362076,349360,8014,4702,-26350,155055,4330,21554,6401,-7878,813,20328,4240,9133,865,6090,6373,1795,4578,8280,1196,57402,15033,21223,181405,34575,-839,9431,25983,59915,25982,22682,11251,20000,7831,3061,7775,48248,2140,43631,2477,35486,11901
1984,226972,75940,67204,-3979,324805,22221,-8,426883,486017,467881,406922,57386,3573,18136,271690,-1109,13125,-850,4909,671,9224,-2446,6323,1132,4215,14418,11405,3013,13034,2847,67603,17656,130162,253554,90335,21715,20542,48078,116793,59214,46229,11350,-78975,34682,3521,18302,68896,902,5540,62454,-59134,63219
1985,205045,71083,72006,21,364888,23989,-4,450858,366799,449009,432613,15712,685,-82210,224872,2739,23016,177,-1546,-545,7158,736,4635,-1302,3089,9694,5567,4127,-6304,3667,45222,14314,127280,307082,120374,14598,22600,83176,63961,41000,18145,4816,-84500,42977,-3158,17536,149892,5794,-19715,163813,84058,22140
1986,170365,76238,72855,7061,370521,19708,0,418562,440224,437630,427863,7526,2241,2594,136351,3178,-1716,16229,3601,1699,-3256,-305,-777,-1657,-517,-2351,-6863,4512,19975,3757,2144,19067,74024,133757,107873,-9342,-9901,127116,118544,65711,36966,15867,-84975,-1682,3775,31871,-41649,35,30789,-72473,-21662,38776
1987,222478,94230,76251,-16239,387639,28522,0,451919,436140,454284,423364,31404,-484,-18144,226445,-2939,9653,413,823,-1711,-9145,4793,-8535,288,-5691,8388,1377,7011,5750,-2680,63860,29672,124361,244589,79450,1599,-914,78765,84856,4407,36566,43883,-75500,44385,5082,52524,53792,1508,37775,14509,15779,30887
1988,264470,103953,82165,-22174,409650,22646,0,488473,482896,477621,450446,27946,-771,5275,346921,5292,11754,-3670,-3291,1619,-4371,-1318,-3857,3374,-2570,23347,16618,6729,-77601,-2734,90570,11832,294174,341646,115210,11908,185,103117,110296,36461,46456,27379,-129500,53740,-3495,69832,125563,-1238,21495,105306,5577,11793
1989,243982,101208,105362,-16348,426315,31515,-1184,480078,428801,515560,489676,26227,-343,-86759,163861,-6849,8520,-1663,575,-2198,42847,643,23499,3148,15557,-10674,-13746,3072,-5059,-1440,42076,26067,71659,250620,94364,21436,-919,73847,70962,21596,49021,345,-124150,21805,-6082,62366,131355,7268,22584,101502,51278,66996
1990,238347,98453,118299,-12892,439402,44778,0,492883,467143,535799,524774,11679,-654,-68657,128543,12,5242,-6046,10105,-646,-27803,-455,-13783,-5885,-7680,1685,-1627,3312,5936,-987,29186,35644,76215,197200,56491,9740,-337,47088,75501,-10484,61925,24060,-63000,28409,13,59097,40689,6051,55182,-20544,25740,87695
1991,232413,88598,125493,4927,453982,45714,0,522946,457735,521679,522688,727,-1737,-63944,51628,1718,5328,3017,6002,-517,28610,859,5777,1827,20147,2047,6200,-4153,6468,2409,-5798,38081,-35737,115572,59224,-18375,-1169,78768,-113409,-47382,-57194,-8833,18250,23105,-9410,-1334,139146,12072,24664,102410,65211,44447
1992,257057,94429,134266,-2821,468644,39335,-6955,540475,367935,549256,541036,9965,-1745,-181320,149027,-644,-5824,-1590,15015,3437,23980,2349,17163,3473,995,3817,1064,2753,-32617,5036,27562,39958,70897,330347,80499,8629,4301,67569,-65309,-31530,6314,-40093,27000,33402,6452,6732,241571,9918,73538,158115,172539,48116
1993,309098,108041,149182,-4021,491216,48296,-603,587969,632208,601049,577835,24915,-1701,31159,323258,-1289,19347,15991,-2534,-2551,9986,2367,-11750,10474,8895,-839,-7753,6914,46753,6803,50678,57913,123000,292099,199968,10012,6579,183377,-66750,-7294,-27293,-32163,21300,36441,5381,20343,75416,12315,7662,55439,-44239,61376
1994,397866,132356,157976,-12436,528843,33760,-3258,660958,692561,677909,629726,49895,-1712,14652,278858,1162,7497,4387,7397,-328,4210,-585,1981,816,1998,13462,4070,9392,-31197,2084,71933,78506,119745,264206,118813,21409,6825,90579,72211,47513,31121,-6423,-44900,77272,-410,46067,-4847,11689,-18420,1883,-31604,50711
1995,452020,140323,178025,-18284,566552,52481,-444,734866,748793,760744,716310,38497,5936,-11950,345896,1739,2564,3319,24760,262,-8779,1316,6278,3546,-19919,6,1568,-1562,-2959,4648,77964,90322,152050,357846,86787,18113,3069,65605,104347,77319,28903,-1876,-58330,80968,-6,54866,89214,5432,79719,4063,-13927,78359
1996,488919,152928,197550,3071,606429,53938,0,801879,816362,800265,775328,21521,3417,16097,389938,10805,-721,29982,17658,1464,678,11392,-10003,5059,-5770,-10887,-3571,-7316,28300,9087,88122,76794,138656,373841,89749,-946,3093,87602,72004,43831,17343,10830,-47325,49513,9563,71528,128809,5428,82993,40388,-14483,52324
1997,527104,161359,215946,14090,649116,52616,0,865621,855268,917182,847166,62155,7861,-61914,138463,-5069,-11441,34704,24207,658,-39784,4611,-20249,-20509,-3637,32559,25895,6664,93212,1728,88043,84273,-164627,200377,145737,13726,4151,127860,133031,55087,50273,27671,-77375,65078,9342,99006,-174442,8387,95797,-278625,10353,104177
1998,486404,158668,241033,15743,692298,52929,0,847673,994635,965664,904198,57148,4317,28971,744438,7379,-16236,28214,42885,-354,1063,3288,-3231,2638,-1632,-18044,-12984,-5060,129790,14576,87326,129183,338656,715467,247866,24360,5761,217745,142352,80654,60188,1510,-215537,57607,4844,144888,333448,12881,96506,224060,-146962,170920
1999,489554,166463,224667,-3954,742616,69966,-878,907929,1032083,1049181,992834,57194,-848,-17098,959761,942,29366,44289,35064,1585,5037,8171,-4195,1807,-746,-29262,-26034,-3228,476391,9848,209160,199919,-22578,976859,243807,37368,5063,201376,122971,48601,28082,46288,-110368,178474,6974,182768,352233,-18370,115249,255354,-124154,211218
2000,451199,165085,251327,-16809,785930,102629,0,906537,1302082,1146699,1097556,50316,-1172,155383,1483417,-7431,34835,35466,17131,-1589,18789,10161,-1315,3007,6936,7677,2308,5369,-159028,332,281641,136357,1119237,1328034,185930,48076,1361,136493,157189,55216,77756,24217,-118204,313252,6960,248541,534366,-19092,117932,435526,-395545,342791
2001,325251,106211,245419,8044,832407,112939,-12532,939543,1143045,1026175,1061331,-34270,-886,116870,368652,-8512,-54122,8777,100150,-224,660,2404,-1253,2116,-2607,-5336,3102,-8438,-205976,4304,-121316,123022,527225,251782,203550,-83120,3500,283170,-63609,-105067,2105,39353,-48125,-103731,3053,142379,118266,-24583,126897,15952,-203501,199570
2002,366428,91076,254790,8866,903227,95046,0,1027701,1149188,969100,952055,19687,-2641,180088,376695,5070,-12690,10181,5650,2191,21266,4620,14502,-656,2800,4669,2924,1745,-1893,-176,-98382,130540,310269,196607,20295,-57913,2935,75273,-15522,-103389,31867,56000,-14505,19721,11909,75970,98739,1525,80842,16373,-121488,36446
2003,508435,126492,293366,-14471,910790,109291,-90,1094278,899871,986901,976556,12535,-2190,-87031,-81747,17558,39313,71477,-26155,-185,10846,10890,2336,-5653,3273,-13534,2197,-15731,-121504,5792,-17743,123328,-170940,5284,37178,-37332,3292,71218,-47268,-91382,2890,41224,-15607,-54732,-11732,45739,51706,-169,56561,-4686,194407,1915
2004,716549,179218,364481,-40211,927219,112680,-6657,1179194,1331231,1073124,1024279,50856,-2012,258108,711735,15560,30424,7678,12407,436,16185,19344,324,108,-3591,14986,14840,146,7400,-1268,128850,268264,210813,453627,19878,15301,11685,-7108,146128,3952,55448,86728,-120555,97256,6774,101744,202402,-3116,84336,121181,-152038,6610
2005,1029929,262507,170802,-36030,805274,-29387,-15516,1351993,1507819,1205694,1153785,51125,784,302125,927537,9866,100082,9904,53054,8138,40388,15951,18103,6034,300,2024,1652,372,-185925,712,277605,15354,596335,625412,52,-7711,43302,-35539,268631,-27119,110317,185433,-276167,199446,-1774,102731,332493,-1885,93047,241331,-155826,-175686
2006,1191317,296059,471075,-31941,847388,136573,-26,1376230,1690910,1361462,1284177,64030,13256,329448,617765,-14235,-77690,6632,68983,973,-1159,11695,-6654,-2218,-3982,-13963,-8433,-5530,-224039,23640,-14765,206911,656477,288317,155640,22446,53748,79446,250673,21450,118988,110235,-473173,110348,-801,196207,49423,1982,52640,-5199,-314680,121805
2007,1113978,277392,484582,-43630,902620,164329,-34,1375357,1755853,1423811,1393846,29801,165,332042,1049469,914,51384,-125657,137638,-7483,-61675,-53207,-7144,-2381,1057,-17311,-18443,1132,35408,-4904,162963,297990,580202,717427,206061,11297,70715,124049,457674,95592,287521,74561,-647736,85903,-49593,219258,445860,4541,-5881,447200,-380496,212783
2008,894536,207831,474169,-34830,1068199,172258,-3685,1421849,762637,1414625,1422528,-25803,17901,-651988,-333240,-25546,-134307,-109447,272334,-872,-25685,-12176,-7864,-2621,-3024,-10205,-7725,-2480,201760,-16512,-168242,254499,-571017,318748,190660,7663,65154,117843,61526,63071,67972,-69517,-289719,-229921,3126,198544,384533,14738,102501,267294,659212,165035
2009,756057,162122,351394,2617,1056703,187446,38298,1451009,1579994,1077218,1200788,-130181,6611,502777,207770,6824,174321,76913,-112906,674,16316,-1299,12509,4169,937,-7822,-4101,-3721,-99497,35268,-29516,268583,-121389,-295007,180515,-73067,37635,215947,-498936,-228398,-160994,-109544,-40021,-86928,-3254,112532,41085,-8605,38186,11504,-128986,-186345
2010,1042407,203797,375473,-47593,1086815,212128,20917,1693570,1607488,1300397,1247041,54437,-1080,307091,555250,13203,129777,6439,-169929,-93,-2818,-12476,6867,4884,-2093,-4117,-1563,-2554,-51450,7460,141836,298597,186345,248159,242322,24518,32866,184938,-299612,-84948,-108870,-105794,-200953,156864,42698,162342,144498,15383,-20866,149981,86082,-181045
2011,1027287,209031,441047,-68008,1248552,208964,-6428,1773146,1407642,1424976,1384522,41468,-1014,-17334,368615,-11463,95462,-39889,-39310,872,-13279,93,-7801,-2161,-3410,236,-557,793,23399,-13832,86671,400120,-120372,385949,202100,33379,8209,160512,109512,146947,59665,-97100,-382575,23705,13347,199386,220474,2960,-4296,221809,365504,-139206
2012,1268370,245429,517935,-11449,1124138,186172,-16997,1820864,1220017,1611300,1537527,73526,247,-391283,307167,1093,39767,13731,-10918,-4633,-15779,-11472,-2799,-1334,-174,-2521,-1886,-635,-26549,-5820,55269,317895,-54368,698450,353438,14022,12019,327397,24313,101029,19871,-96587,-300007,68072,1357,189849,361428,-12321,10829,362920,600847,-23392
2013,1321963,263518,531888,14379,1162722,216241,-5712,1925610,1731025,1676002,1591521,83105,1376,55023,707911,68550,42091,39155,30580,4360,-3950,-5678,1674,277,-223,-4425,1554,-5979,9893,2460,268196,296857,-45856,652888,294488,14182,968,279338,99354,53643,37825,7886,-277296,100522,-9911,187740,257991,-2472,125871,134592,194585,-33368
2014,1376511,290728,597532,2131,1238901,206251,-6675,1942209,1510799,1821955,1746023,74344,1587,-311156,673589,-9309,116754,-87561,21859,27799,25723,25135,1579,638,-1629,1640,1947,-307,37288,24028,107496,317323,90549,984745,326545,37501,-680,289724,145696,98359,65026,-17689,-301946,148547,12218,185445,468240,-2865,42222,428883,431410,85997
2015,1285848,283217,641101,56296,1317394,195496,-3241,1933957,1849378,1935867,1789527,116868,29472,-86489,1139971,-19005,49366,10899,19010,14159,3737,7807,-3770,-1303,1003,23058,23540,-482,-42227,12228,33315,259135,776296,1226460,411926,-2995,12904,402017,187616,101552,-5800,91864,-453477,24341,-21203,415665,661593,15162,59471,586960,84578,197407
2016,1249296,261856,690692,-676,1359590,199804,2634,1852833,1865059,1789260,1754153,27807,7299,75799,951824,3730,154056,17464,-112497,25689,-4114,-6866,4155,1295,-2698,-21601,-22758,1157,67228,-3312,198783,255310,371088,876025,286408,1766,17008,267634,18524,1234,11064,6226,-495851,184231,-8093,410955,479851,8824,55936,415091,-12226,136231
2017,1250411,224189,720747,-52674,1488736,239554,191497,1789593,1957999,1883161,1865999,17053,109,74838,547743,118963,-16175,-7726,35628,-50729,28840,-8803,30135,9987,-2479,2880,2393,487,-89129,7564,160913,310537,46177,472905,320804,25887,13329,281588,60760,-47729,147716,-39227,-325551,81344,211113,281460,-157025,19166,-67004,-109188,-168406,333122
2018,1255946,196436,259846,-54656,1659042,-343418,-6195,2066829,1952510,2068189,2016960,53353,-2125,-115679,870477,-110260,237975,5842,-33358,-24972,19087,38399,-15591,-5455,1734,2175,1986,189,-38260,-9820,396353,-157639,583354,986156,138826,-10203,-4155,153184,133869,69963,4247,59659,-548261,320692,-10551,184544,767037,-34555,80091,721502,114319,-342058
2019,1261334,212378,636551,-5302,1663044,33985,-1118,2105250,1637317,2147664,2097534,50549,-419,-510347,751365,10290,82647,8936,92186,-2381,71548,83108,-8743,-2761,-56,132,129,3,202,5032,81230,77476,324067,1261712,259682,-1937,14201,247418,196329,20673,128793,46864,-453206,82944,-15466,253590,937839,-870,-13774,952483,467933,76399